,0
WebRTC,3
Spring,56
Node.js,104
Python,119
Java,176
SQL,22
R,1
Google Analytics,1
Adobe Analytics,1
Webpack,24
gulp,1
Git,96
Cross Browsing,1
JavaScript,169
BitBucket,2
GitHub,13
Redis,24
jQuery,29
CSS3,8
HTML,85
GCP(Google Cloud Platform),13
Docker,63
Django,30
Azure,9
.NET,15
C#,37
MySQL,123
NoSQL,15
PHP,47
RxSwift,8
Swift,54
iOS,71
ES6,40
Vue.js,69
ReactJS,95
CSS,79
REST API,36
HTML5,11
flutter,8
React Native,38
centOS,1
AWS Data Pipeline,1
AWS ElastiCache,3
Amazon Kinesis,1
AWS Simple Queue Service(AWS SQS),4
AWS DynamoDB,7
Amazon Web Services(AWS),25
MSSQL(Microsoft SQL Server),13
Android,65
GraphQL,20
Windows Forms,2
Angular,9
Kotlin,50
Firebase,11
Objective-C,29
Apollo Client,2
Storybook,2
Jest,5
Nuxt.js,7
Vuetify.js,1
AWS RDS,9
AWS ECR,1
AWS ECS,4
Spring Boot,9
JIRA,7
Hibernate,2
JPA(Java Persistent API),2
Querydsl,2
Spring Data JPA,2
MongoDB,25
AWS Lambda,11
AWS S3,12
AWS EC2,15
Sass(SCSS),5
MariaDB,16
Linux,28
AWS CloudWatch,2
Less.js,3
Redux.js,14
TypeScript,36
Next.js,5
AWS ElasticBeanstalk,3
Celery,2
PySpark,1
Pandas,5
Kubernetes,14
Google BigQuery,1
NLP,8
PyTorch,13
Tensorflow,14
OpenCV,2
Qt,2
C++,35
Mocha,1
C,19
web3.js,1
Laravel,10
CodeIgniter,5
Spring Cloud,1
WordPress,3
JSP,7
RxJava,13
Ajax,3
Sequelize.js,1
ExpressJS,5
Aurora DB,2
Redux-Saga,2
Oracle,7
PostgreSQL,16
Ruby on Rails,19
AWS CloudFormation,1
AWS CloudTrail,1
AWS VPC,1
AngularJS,17
MVVM(Model-View-ViewModel),12
Keras,7
DBA(Database administration),1
Electron,2
Trello,1
Jenkins,7
Unity,14
Gradle,7
ExoPlayer,1
MVP,4
UWP,1
Yarn,1
Apache Sentry,1
CircleCI,1
AWS Elastic Beanstalk,2
Ruby,5
Framework7,2
Dart,2
Deep Learning,4
Apache Spark,4
Apache Hadoop,5
Go,12
Oracle Database,2
RabbitMQ,3
Apache,2
Nginx,3
Terraform,3
Ansible,3
Apache Aurora,1
AWS Simple Notification Service(AWS SNS),2
Google Cloud SDK,2
Unreal Engine,3
OpenGL,2
WebGL,3
Shell,1
Flask,4
Cafe24 API,2
Naver API,1
Moleculer,1
Retrofit,3
XML,1
SEO,2
Vanilla JS,2
SQLite,2
Database,4
Blockchain,1
DSP(Digital Signal Processing),1
AWS Route 53,2
AWS CloudFront,1
GatsbyJS,1
AWS EMR,1
Apache Airflow,2
Finatra,1
Apache Kafka,3
CI/CD,1
Selenium,4
Appium,3
AWS Device Farm,1
Scala,3
Apache JMeter,1
Microservice Architecture,6
AWS Cognito,1
D3.js,2
styled-components,2
SciPy,1
Numpy,1
ASP.NET,4
Cypress,2
Canvas,1
Elasticsearch,6
React Admin,2
OOP,2
OkHttp,1
Elixir,1
Big Data,3
Apache Maven,2
Espresso.js,1
MVC,3
Elastic Stack,3
Dagger2,3
Glide,2
Retrofit2,2
Reactor,2
Machine Learning,5
Text Mining,2
Google Cloud Build,1
Koa.js,1
Google Cloud Platform,3
Travis CI,1
Chart.js,1
Babel,2
Google Cloud Pub/Sub,1
Windows Server,4
RxJS,2
GeoServer,1
JUnit,1
AWS Redshift,2
Shell Script,3
ECMAScript(ES),2
ASP,1
XAML,1
WPF,2
EOS,1
Ubuntu,1
TCP/IP,2
ActionScript,1
Haskell,2
Rust,2
Vuex,2
Kibana,1
Hyperledger,3
Apache CouchDB,1
STT(Speech to Text),1
AWS Backup,1
DRF(Django REST framework),2
EmberJS,1
EXTJS,1
Adobe InDesign,1
Netty,1
AWS MSK,1
RequireJS,1
DirectX,1
Apache HTTP Server,1
MyBatis,2
ThreeJS,1
Data Analysys,1
Windows Embedded,1
Apollo Server,1
Realm,1
Crawling,1
SVN(Apache Subversion),1
Image Processing,1
CAD,1
Apache Tomcat,1
OpenLayers,1
